record_type,mnemonic,column_start,column_width
H,RECTYPE,1,1
P,RECTYPEP,1,1
P,YEARP,2,4
H,YEAR,2,4
H,DATANUM,6,2
P,DATANUMP,6,2
H,SERIAL,8,8
P,SERIALP,8,8
H,NUMPREC,16,2
P,PERNUM,16,4
H,SUBSAMP,18,2
P,SLWTREG,20,4
H,HHWTREG,20,4
P,PERWTREG,24,4
H,FUELCOOK,24,2
H,DWSIZE,26,4
P,MOMLOC,28,2
H,NUMHH,30,2
P,STEPMOM,30,1
P,MOMRULE,31,1
P,POPLOC,32,2
H,SAMP1960,32,1
H,REGION,33,2
P,STEPPOP,34,1
P,POPRULE,35,1
H,STATEICP,35,2
P,SPLOC,36,2
H,STATEFIP,37,2
P,SPRULE,38,1
P,FAMSIZE,39,2
H,PUMA,39,5
P,NCHILD,41,1
P,NCHLT5,42,1
P,FAMUNIT,43,2
H,SEA,44,3
P,ELDCH,45,2
H,METRO,47,1
P,YNGCH,47,2
H,METAREA,48,4
P,NSIBS,49,1
P,RELATE,50,4
H,METDIST,52,4
P,AGE,54,3
H,CITY,56,4
P,SEX,57,1
P,RACE,58,3
H,CITYPOP,60,5
P,MARST,61,1
P,DURMARR,62,2
P,MARRNO,64,1
P,CHBORN,65,2
H,SIZEPL,65,2
H,URBAN,67,1
P,MARRINYR,67,1
H,URBAREA,68,4
P,SLREC,68,1
P,BPL,69,5
H,GQ,72,1
H,GQTYPE,73,3
P,ANCESTR1,74,4
H,GQFUNDS,76,2
H,FARM,78,1
P,ANCESTR2,78,4
H,FARMPROD,79,1
H,OWNERSHP,80,2
P,NATIVITY,82,1
H,MORTGAGE,82,1
P,CITIZEN,83,1
H,MORTGAG2,83,1
H,MORTAMT1,84,5
P,HISPAN,84,3
P,YRSUSA2,87,1
P,MTONGUE,88,4
H,MCIVDIV,89,3
H,COMMUSE,92,1
P,MMTONGUE,92,4
H,ACREPROP,93,1
H,ACREHOUS,94,1
H,TAXINCL,95,1
P,FMTONGUE,96,4
H,INSINCL,96,1
H,PROPINSR,97,4
P,LANGUAGE,100,4
H,PROPTX99,101,2
H,PAGENO,103,4
P,SPEAKENG,104,1
P,SPANNAME,105,1
P,SCHOOL,106,1
H,RENTGRS,107,4
P,HIGRADE,107,3
P,LIT,110,1
H,RENTMEAL,111,1
P,SCHLTYPE,111,1
P,EMPSTAT,112,2
H,CONDOFEE,112,4
P,LABFORCE,114,1
P,OCC1950,115,3
H,MICROSEQ,116,1
H,ENUMMO,117,2
P,OCCSCORE,118,2
H,ENUMDAY,119,2
P,SEI,120,2
H,COSTELEC,121,4
P,IND1950,122,3
H,COSTGAS,125,4
P,CLASSWKR,125,2
P,WKSWORK1,127,2
P,WKSWORK2,129,1
H,COSTWATR,129,4
P,HRSWORK1,130,2
P,HRSWORK2,132,1
P,ACTIVITY,133,1
H,COSTFUEL,133,4
P,HADNAJOB,134,1
P,YRSUSA1,135,2
H,FTOTINCH,137,6
P,WKSUNEMP,137,2
P,QTRUNEMP,139,1
P,WORKEDYR,140,1
P,ABSENT,141,1
P,LOOKING,142,1
H,VACANCY,143,1
P,AVAILBLE,143,1
P,DETOCC,144,4
H,VACELSE,144,1
H,VACBOARD,145,1
H,VACDUR,146,1
H,FOTHINC,147,5
P,INCWAGE,148,6
H,ACCESS,152,1
H,KITCHEN,153,1
P,INCNONWG,154,1
H,PLUMBING,154,2
P,DEDUCTS,155,1
P,INCBUS,156,6
H,HOTWATER,156,1
H,SHOWER,157,1
H,TOILET,158,1
H,BASEMENT,159,1
H,BUILTYR,160,1
H,UNITSADD,161,2
P,INCFARM,162,6
H,UNITSSTR,163,2
H,WATERSRC,165,1
H,SEWAGE,166,1
H,BATHRMS,167,1
H,STORIES,168,1
P,INCSS,168,5
H,ELEVATOR,169,1
H,PHONE,170,1
H,TV,171,1
H,RADIO,172,1
P,INCWELFR,173,5
H,WASHER,173,1
H,DRYER,174,1
H,LINGISOL,175,1
H,AIRCON,176,1
H,HEATING,177,2
P,INCINVST,178,6
H,FUELHEAT,179,1
H,FUELWATR,180,1
H,VEHICLES,181,1
H,NFAMS,182,2
P,REALPROP,184,6
H,NCOUPLES,184,1
H,NMOTHERS,185,1
H,NFATHERS,186,1
H,QCITY,187,1
H,QACREHOU,188,1
H,QACREPRO,189,1
P,INCOTHER,190,5
H,QMOBLHOM,190,1
H,QMORTAM1,191,1
H,QINSINCL,192,1
H,QMORTAM2,193,1
H,QBEDROOM,194,1
P,MIGRATE1,195,2
H,QBUILTYR,195,1
H,QCOMMUSE,196,1
P,MIGPLAC1,197,3
H,QCONDO,197,1
H,QMORTGA2,198,1
H,QCOSTELE,199,1
H,QMORTGAG,200,1
P,MIGMET1,200,4
H,QCOSTFUE,201,1
H,QCOSTGAS,202,1
H,QPROPINS,203,1
P,MIGTYPE1,204,1
H,QCOSTWAT,204,1
P,MIGCITY5,205,4
H,QPROTX99,205,1
H,QFARM,206,1
H,QVACDUR,207,1
H,QRENTMEA,208,1
P,WORK5YR,209,1
H,QFUELHEA,209,1
P,INCOTHERORIG,210,5
H,QFUELWAT,210,1
P,MILIT5YR,210,1
H,QGQ,211,1
P,COLL5YR,211,1
H,QHEATING,212,1
P,MIGPUMA,212,3
H,QHOTWATE,213,1
H,QKITCHEN,214,1
P,SAMEMET1,215,1
H,QOWNERSH,215,1
H,QPHONE,216,1
P,SAMESEA1,216,1
P,MOVEDIN,217,1
H,QPROPTX2,217,1
P,MIGSAMP,218,1
H,QRENTGRS,218,1
P,PWMET98,219,1
H,QRENT,219,1
H,QROOMS,220,1
P,PWTYPE,220,1
H,QSEWAGE,221,1
P,PWSTATE2,221,2
H,QSHOWER,222,1
P,PWCNTYGP,223,3
H,QSTORIES,223,1
H,QSUBSTIH,224,1
H,QTOILET,225,1
H,QWATERSR,226,1
P,PWURBTYP,226,1
P,PWSIZE,227,1
H,QUHF,227,1
H,QUNITSAD,228,1
P,DISABWRK,228,1
P,DIFFMOB,229,1
H,QUNITSST,229,1
P,DIFFCARE,230,1
H,QVACANCY,230,1
H,QVALUEH,231,1
P,VETCIVWR,231,1
H,QWASHER,232,1
P,VET80X90,232,1
P,VET75X80,233,1
H,QGQTYPE,233,1
P,VETVIETN,234,1
H,QCONDOFE,234,1
H,QTAXINCL,235,1
P,VETYRS,235,2
H,NPOP65,236,2
P,VET55X64,237,1
H,NPOPHH,238,2
P,VETKOREA,238,1
P,VETWWII,239,1
P,VETOTHER,240,1
H,NPOPIND,240,2
P,TRANWORK,241,2
H,NPOPGQ,242,2
P,CARPOOL,243,1
H,NFAMFEMH,244,2
P,RIDERS,244,1
P,IMPPOP,245,2
H,N17HWFAM,246,2
P,IMPSP,247,2
H,NSEPDIV,248,2
P,IMPREL,249,2
H,NCHBORN,250,2
P,BIRTHQTR,251,1
P,PWMETRO,252,4
H,NBLACK,252,2
H,NSPANISH,254,2
P,PWCITY,256,4
H,NFOREIGN,256,2
H,NNOSCHL,258,2
P,QCHSURV,260,1
H,NPOP1621,260,2
P,QAGE,261,1
H,NCOLL,262,2
P,QAGEMONT,262,1
P,QANCEST2,263,1
H,NEDUC7,264,2
P,QDEPARTS,264,1
P,QBPL,265,1
P,QCARPOOL,266,1
H,NEDUC12,266,2
P,QCHBORN,267,1
P,QCITIZEN,268,1
H,NCOLL4,268,2
P,QCLASSWK,269,1
P,QLANGUAG,270,1
H,NEDUCMED,270,2
P,QYRNATUR,271,1
P,QFBPL,272,1
H,NSAMHOUS,272,2
P,QEMPSTAT,273,1
P,QEDUC,274,1
H,NDIFCNTY,274,2
P,QINCTOT,275,1
P,QHRSWORK,276,1
H,NLFPM,276,2
P,QINCBUS,277,1
P,QINCFARM,278,1
H,NLFPF,278,2
P,QINCINVS,279,1
H,NNOWORK,280,2
P,QINCOTHE,280,1
P,QINCSS,281,1
P,QINCWAGE,282,1
H,NUNEMP,282,2
P,QINCWELF,283,1
P,QIND,284,1
H,NPROFMGR,284,2
P,QDIFMOB,285,1
P,QMARRNO,286,1
H,NAGRIC,286,2
P,QPWSTAT2,287,1
H,NBLUE,288,2
P,QMARST,288,1
P,QINCRETI,289,1
P,QMIGPLC1,290,1
H,NFINC5,290,2
P,QMIGRAT1,291,1
H,NFINC15,292,2
P,QMIGTYP5,292,1
P,QVETYRS,293,1
H,NMEDINC,294,2
P,QMOVEDIN,294,1
P,QMTONGUE,295,1
P,QOCC,296,1
H,NGINI,296,2
P,QQTRUNEM,297,1
H,NFAMPOV,298,2
P,QRACE,298,1
P,QRELATE,299,1
H,NPOPPOV,300,2
P,QSURSIM,300,1
P,QRIDERS,301,1
P,QSAMMET5,302,1
H,NOWNEROC,302,2
P,QDURMARR,303,1
H,NOCCUP,304,2
P,QSCHOOL,304,1
P,QSEX,305,1
P,QSPEAKEN,306,1
H,NOCCPLUM,306,2
P,QTRANTIM,307,1
P,QTRANWOR,308,1
H,NOCCNOPL,308,2
P,QUHRSWOR,309,1
P,QVETPER,310,1
H,NVALUE10,310,2
P,QVETSTAT,311,1
P,QWIDOW,312,1
H,NVALUE25,312,2
P,QWKSWORK,313,1
H,NRENT40,314,2
P,QWORKEDY,314,1
P,QYRIMM,315,1
P,QYRLASTW,316,1
H,NRENT60,316,2
P,GCHOUSE,317,1
H,NRENT150,318,2
P,FERTYR,318,1
P,RACAMIND,319,1
P,RACASIAN,320,1
H,NRATIO25,320,2
P,RACBLK,321,1
P,RACPACIS,322,1
H,NRATIO35,322,2
P,RACNUM,323,1
P,RACOTHER,324,1
H,NVACANT,324,2
P,RACWHT,325,1
P,INDNAICS,326,8
H,NVACRENT,326,2
H,NUNITS1,328,2
H,NUNITS5,330,2
H,N12ROOMS,332,2
P,OCCSOC,334,6
H,NTOTROOM,334,2
H,NBUILT60,336,2
H,NBUILT39,338,2
P,WRKLSTWK,340,1
H,NHEAT,340,2
P,WRKRECAL,341,1
H,NAUTO,342,2
P,INCSUPP,342,5
H,NSERIAL,344,5
P,DIFFSENS,347,1
P,DIFFPHYS,348,1
H,FOODSTMP,349,1
P,DIFFREM,349,1
H,HEATSUB,350,1
P,VET90X95,350,1
P,VET95X00,351,1
H,LUNCHSUB,351,1
P,GCMONTHS,352,1
H,MOBLOAN,352,1
H,PUBHOUS,353,1
P,GCRESPON,353,1
P,QDIFSENS,354,1
H,RENTSUB,354,1
H,QFOODSTM,355,1
P,QINCSUPP,355,1
H,QHEATSUB,356,1
P,QDIFPHYS,356,1
P,QDIFREM,357,1
H,QLUNCHSU,357,1
H,QPUBHOUS,358,1
P,QFERTYR,358,1
H,QRENTSU1,359,1
P,QGCHOUSE,359,1
H,QRENTSU2,360,1
P,QGCMONTH,360,1
P,QGCRESPO,361,1
H,QMORTG2A,361,1
H,PUMALAND,362,14
P,QGRADEAT,362,1
P,POV2000,363,3
P,INCBUS00,366,6
P,PWTYPE00,372,2
P,MIGTYP00,374,2
H,PUMAAREA,376,14
P,OLDPOV20,376,3
P,AGEDIFF,379,3
P,PWPUMA00,382,5
P,INCRETIR,387,6
H,PUMATY00,390,2
H,QAUGMENH,392,1
P,MIGPUMAS,393,3
H,QMOBLOAN,393,1
H,PUMASUPR,394,5
P,PWPUMAS,396,3
H,LMA,399,3
P,PWLMA,399,3
P,MIGLMA5,402,3
H,COMZONE,402,5
P,MIGTYP5E,405,2
P,PWMET98E,407,2
H,URBRURAL,407,2
P,PRTITLE,409,1
H,URBFRYN,409,1
H,OTHURBYN,410,1
P,PRCIT,410,1
H,BUILTYR2,411,2
P,MIGCZ5,411,5
H,QBUILTY2,413,1
H,NFAMS2,414,2
H,FTOTINCH2,416,6
P,PWCZ,416,5
P,VET01LTR,421,1
H,NCOUPLE2,422,1
P,VET90X01,422,1
P,VET47X50,423,1
H,NMOTHER2,423,1
P,MOMLOC2,424,2
H,NFATHER2,424,1
H,SOLTOTI,425,3
P,STEPMOM2,426,1
P,MOMRULE2,427,1
P,POPLOC2,428,2
H,SOLTOTHH,428,3
P,STEPPOP2,430,1
H,SOLTOTDW,431,3
P,POPRULE2,431,1
P,SPLOC2,432,2
P,SPRULE2,434,1
H,SOLRULE,434,1
H,SOLHHSEQ,435,3
P,FAMSIZE2,435,2
P,NCHILD2,437,1
H,SOLDWSEQ,438,3
P,NCHLT52,438,1
P,FAMUNIT2,439,2
H,SOLAR,441,2
P,ELDCH2,441,2
P,YNGCH2,443,2
H,PRCITYCO,443,4
P,NSIBS2,445,1
P,RELATE2,446,4
H,PRCOUNTY,447,2
H,PRDATANU,449,1
P,YRSPR,450,3
H,HIFARM,450,1
H,CLAIM,451,4
P,AKOCC50,453,3
H,ENUMYR,455,3
P,AKIND50,456,3
H,MCD,458,5
P,AKOCC80,459,3
P,ITAX,462,1
H,INCORP,463,5
P,IYRCIT,463,3
P,ICITIZEN,466,1
P,OCC2000PROB,467,3
H,FIPSFLAG,468,1
H,NENGPOP,469,5
P,IND2000PROB,470,3
P,OCC2000MOD,473,3
H,SAMP1900,474,1
H,IHOME,475,1
P,IND2000MOD,476,3
H,AGENTNUM,476,3
P,OCC1990PROB,479,3
H,QDWELL,479,1
H,URBPOP,480,5
P,IND1990PROB,482,3
H,HHWTDET,485,6
P,OCC1990MOD,485,3
P,IND1990,488,3
P,QHISPAN,491,1
H,XHHWTMN,491,5
P,XPERWTMN,492,5
H,SAMP1910,496,1
P,RACESING,497,2
H,OWNLAND,497,1
H,CNTYWT,498,1
H,OVERFLAG,499,1
P,PROBWHT,499,3
H,SECRES,500,1
H,SECRESMO,501,2
P,PROBOTH,502,3
H,SECRESRE,503,1
H,FDSTPAMT,504,5
P,PROBBLK,505,3
P,PROBAPI,508,3
H,HHTYPE,509,1
H,HHWTINT,510,5
P,PROBAI,511,3
P,QYRSPR,514,1
P,HISP1970,515,1
H,HISP1910,515,1
P,HISPRULE,516,1
H,REPWT1,516,6
P,OCC1990,517,3
P,BLOODI,520,4
H,REPWT2,522,6
P,BLOODB,524,4
P,POLYGMY,528,1
H,REPWT3,528,6
P,POLYSIS,529,1
P,ALLTYR,530,3
P,EDATTEND,533,1
P,EDINST,534,2
H,REPWT4,534,6
P,BLOODW,536,4
H,REPWT5,540,6
P,SAMP1910P,540,1
H,DMORT,540,10
P,MOUNEAK,541,2
P,MOMNO,543,2
P,MOMLNKWT,545,4
H,REPWT6,546,6
P,MOMLKREA,549,1
P,WIFENO,550,2
P,WIFLNKWT,552,4
H,REPWT7,552,6
P,WIFLKREA,556,1
P,MIGPUMA1,557,5
H,REPWT8,558,6
P,ARRIVES,562,4
H,REPWT9,564,6
P,PERWTINT,566,5
H,REPWT10,570,6
P,MIGPUMS1,571,3
P,MIGCITY1,574,4
H,REPWT11,576,6
P,QHISP97,578,1
P,TRIBE,579,6
H,REPWT12,582,6
P,FTRIBE,585,6
H,REPWT13,588,6
H,IFARM,590,3
P,MTRIBE,591,6
H,IGQ,593,3
H,REPWT14,594,6
H,IGQTYPE,596,3
P,RELFLAG,597,2
P,RACDET00,599,2
H,IGQFUNDS,599,2
H,REPWT15,600,6
H,IMORTGAG,601,2
P,RACGEN00,601,1
P,FAMILYID,602,10
H,IOWNERSH,603,2
H,ISURSIM,605,3
H,REPWT16,606,6
H,ICITY,608,9
H,REPWT17,612,6
P,HWSEI,612,4
P,PRESGL,616,3
H,ICOUNTY,617,4
H,REPWT18,618,6
P,PRENT,619,3
H,INUMPERH,621,4
P,ERSCOR50,622,4
H,REPWT19,624,6
P,ERSCOR90,626,4
H,REPWT20,630,6
P,EDSCOR50,630,4
P,EDSCOR90,634,4
H,REPWT21,636,6
P,NPBOSS50,638,4
P,NPBOSS90,642,4
H,REPWT22,642,6
P,IAGE,644,3
P,OCCSTR,646,52
P,IAGEMONT,647,2
H,REPWT23,648,6
P,IBPL,649,5
H,REPWT24,654,6
P,INATIVIT,654,2
P,ICITIZE,656,2
P,ICLASSWK,658,2
H,REPWT25,660,6
P,IMBPL,660,5
P,IFBPL,665,5
H,REPWT26,666,6
P,IFMTONGU,670,4
H,REPWT27,672,6
P,IIND,674,3
P,IIND1950,677,3
H,REPWT28,678,6
P,ISPEAKEN,680,1
P,ILIT,681,2
P,INMARST,683,2
H,REPWT29,684,6
P,IMMTONGU,685,4
P,IMTONGUE,689,4
H,REPWT30,690,6
P,IOCC,693,3
P,IOCC1950,696,3
H,REPWT31,696,6
P,OCCHISCO,698,5
P,ILABFORC,699,4
H,REPWT32,702,6
P,IRACE,703,4
P,PERNUM80,703,4
P,IRELATE,707,5
P,REPWTP1,707,6
H,REPWT33,708,6
P,ISCHOOL,712,2
P,REPWTP2,713,6
H,REPWT34,714,6
P,ISEX,714,1
P,IYRIMMIG,715,4
P,IYRSUSA1,719,4
P,REPWTP3,719,6
H,REPWT35,720,6
P,IYRSUSA2,723,4
P,REPWTP4,725,6
H,REPWT36,726,6
P,IYRNATUR,727,3
P,REPWTP5,731,6
H,REPWT37,732,6
P,REPWTP6,737,6
H,REPWT38,738,6
P,REPWTP7,743,6
H,REPWT39,744,6
P,REPWTP8,749,6
H,REPWT40,750,6
P,DAGE,753,10
P,REPWTP9,755,6
H,REPWT41,756,6
P,REPWTP10,761,6
H,REPWT42,762,6
P,REPWTP11,767,6
H,REPWT43,768,6
P,DRELATE,773,10
P,REPWTP12,773,6
H,REPWT44,774,6
P,REPWTP13,779,6
H,REPWT45,780,6
P,REPWTP14,785,6
H,REPWT46,786,6
P,REPWTP15,791,6
H,REPWT47,792,6
P,REPWTP16,797,6
H,REPWT48,798,6
P,REPWTP17,803,6
H,REPWT49,804,6
P,REPWTP18,809,6
H,REPWT50,810,6
P,REPWTP19,815,6
H,REPWT51,816,6
P,REPWTP20,821,6
H,REPWT52,822,6
P,REPWTP21,827,6
H,REPWT53,828,6
P,REPWTP22,833,6
H,REPWT54,834,6
P,REPWTP23,839,6
H,REPWT55,840,6
P,REPWTP24,845,6
H,REPWT56,846,6
P,REPWTP25,851,6
H,REPWT57,852,6
P,REPWTP26,857,6
H,REPWT58,858,6
P,REPWTP27,863,6
H,REPWT59,864,6
P,REPWTP28,869,6
H,REPWT60,870,6
P,REPWTP29,875,6
H,REPWT61,876,6
P,REPWTP30,881,6
H,REPWT62,882,6
P,REPWTP31,887,6
H,REPWT63,888,6
P,REPWTP32,893,6
H,REPWT64,894,6
P,REPWTP33,899,6
H,REPWT65,900,6
P,REPWTP34,905,6
H,REPWT66,906,6
P,REPWTP35,911,6
H,REPWT67,912,6
P,REPWTP36,917,6
H,REPWT68,918,6
P,REPWTP37,923,6
H,REPWT69,924,6
P,REPWTP38,929,6
H,REPWT70,930,6
P,REPWTP39,935,6
H,REPWT71,936,6
P,REPWTP40,941,6
H,REPWT72,942,6
P,REPWTP41,947,6
H,REPWT73,948,6
P,REPWTP42,953,6
H,REPWT74,954,6
P,REPWTP43,959,6
H,REPWT75,960,6
P,REPWTP44,965,6
H,REPWT76,966,6
P,REPWTP45,971,6
H,REPWT77,972,6
P,REPWTP46,977,6
H,REPWT78,978,6
P,REPWTP47,983,6
H,REPWT79,984,6
P,REPWTP48,989,6
H,REPWT80,990,6
P,REPWTP49,995,6
H,REPWT,996,1
H,CONSTYPR,997,1
H,COOKLOPR,998,1
H,COOKTYPR,999,1
H,ELECTRPR,1000,1
P,REPWTP50,1001,6
H,FRIGTYPR,1001,1
H,GROWNPR,1002,1
H,HOTWTRPR,1003,1
H,KITPIPPR,1004,1
H,LANDOWN,1005,1
H,LANDRNPR,1006,3
P,REPWTP51,1007,6
H,N5OFFPR,1009,2
H,NDILAPPR,1011,2
H,NFINC1PR,1013,2
P,REPWTP52,1013,6
H,NFINC6PR,1015,2
H,NILLITPR,1017,2
H,NRN20PR,1019,2
P,REPWTP53,1019,6
H,NRN40PR,1021,2
H,NRN100PR,1023,2
H,NVAL2PR,1025,2
P,REPWTP54,1025,6
H,NVAL15PR,1027,2
H,OFFICEPR,1029,1
H,PIPLOCPR,1030,1
P,REPWTP55,1031,6
H,QCONSTYP,1031,1
H,QCOOKLOP,1032,1
H,QELECTRP,1033,1
H,QFRIGTYP,1034,1
H,QGROWNPR,1035,1
H,QHOUSQUA,1036,1
H,QKITPIPP,1037,1
P,REPWTP56,1037,6
H,QLANDOWN,1038,1
H,QLANDOW2,1039,1
H,QLANDRNP,1040,1
H,QOFFICEP,1041,1
H,QPIPLOCP,1042,1
H,QTOILET2,1043,1
P,REPWTP57,1043,6
H,QCOSTFU2,1044,1
H,QTV,1045,1
H,QBATHPR2,1046,1
H,QTOILEPR,1047,1
H,QVEHICLE,1048,1
H,QSHOWRPR,1049,1
P,REPWTP58,1049,6
H,QCOOKTYP,1050,1
H,CNTRY,1051,3
H,OWNCOST,1054,5
P,REPWTP59,1055,6
H,NSUBFAM,1059,1
H,NSUBFAM2,1060,1
H,HHINCOME,1061,7
P,REPWTP60,1061,6
P,REPWTP61,1067,6
H,HEADLOC,1068,2
H,FRIDGE,1070,1
H,QFRIDGE,1071,1
H,SINK,1072,1
P,REPWTP62,1073,6
H,QSINK,1073,1
H,STOVE,1074,1
H,QSTOVE,1075,1
H,VALUEH,1076,7
P,REPWTP63,1079,6
H,MULTGEN,1083,2
H,QNUMPERH,1085,1
P,REPWTP64,1085,6
H,BEDROOMS,1086,2
H,ROOMS,1088,2
H,HOMELAND,1090,1
H,MULTYEAR,1091,4
P,REPWTP65,1091,6
H,ADJUST,1095,7
P,REPWTP66,1097,6
H,CPI99,1102,5
P,REPWTP67,1103,6
H,RESPMODE,1107,1
H,NHGISJOIN,1108,7
P,REPWTP68,1109,6
H,YRSTCOUNTY,1115,10
P,REPWTP69,1115,6
P,REPWTP70,1121,6
H,STCOUNTY,1125,6
P,REPWTP71,1127,6
H,APPAL,1131,2
H,VALIDCO,1133,1
P,REPWTP72,1133,6
H,VALIDCOPR,1134,1
H,COUNTY,1135,4
P,REPWTP73,1139,6
H,BEDROOMSORIG,1139,2
H,FRIDGEORIG,1141,1
H,KITCHENORIG,1142,1
H,PHONEORIG,1143,1
H,QBEDROOMORIG,1144,1
P,REPWTP74,1145,6
H,QFRIDGEORIG,1145,1
H,QKITCHENORIG,1146,1
H,QPHONEORIG,1147,1
H,ROOMSORIG,1148,2
H,CBNSUBFAM,1150,1
P,REPWTP75,1151,6
H,HHWT,1151,10
P,REPWTP76,1157,6
H,PUMARES2MIG,1161,5
P,REPWTP77,1163,6
H,STRATA,1166,12
P,REPWTP78,1169,6
P,REPWTP79,1175,6
H,SOURCE1960H,1175,1
H,CLUSTER,1178,13
P,REPWTP80,1181,6
P,IND1930,1187,4
P,OCC1930,1191,4
H,DWSEQ,1191,3
H,NMEMBERS,1194,3
P,REPWTP,1195,1
P,CONMARST,1196,1
P,NATIVPR,1197,1
H,RENT30,1197,4
P,PRICOPAR,1198,1
P,QSPEAKSP,1199,1
P,QUSACTIV,1200,1
H,RENT,1201,4
P,QUSADURR,1201,1
P,QUSARESI,1202,1
P,QUSAYRRE,1203,1
P,QVOCSCTY,1204,1
P,QVOCTRAI,1205,1
H,QDRYER,1205,1
P,QVOCTRTY,1206,1
H,QFREEZER,1206,1
H,QFARMPRO,1207,1
P,USACTIV,1207,2
H,QHHINCOME,1208,1
H,QOWNCOST,1209,1
P,USADURR,1209,1
H,TOU,1210,1
P,USARESID,1210,1
H,OCCUP,1211,1
P,USAYRRET,1211,2
H,TRAILER,1212,1
P,VOCSCTYP,1213,1
H,QOCCUP,1213,1
P,VOCTRAIN,1214,1
H,EDSTR,1214,10
H,QTRAILER,1214,1
H,SOURCE60H,1215,1
P,VOCTRTYP,1215,1
P,PRLIT,1216,1
H,QPLUMBIN,1216,1
H,QLANDREN,1217,1
P,QPRLIT,1217,1
P,QFBPLPR,1218,1
H,CNTYSTR,1218,30
P,QMBPLPR,1219,1
P,SCHLVOC,1220,1
P,SPEAKSPA,1221,1
P,QBLIND,1222,1
P,QDEAF,1223,1
P,ISRELATE,1224,1
P,INAME,1225,35
H,WARDSTR,1248,5
H,STDED,1253,10
P,POVCENSUS,1260,3
P,SPANAMER,1263,1
H,STDTRACT,1263,10
P,SUBFAM,1264,1
P,SFTYPE,1265,1
P,SFRELATE,1266,1
P,QNAMELST,1266,1
P,SUBFAM2,1267,1
P,SFTYPE2,1268,1
P,SFRELATE2,1269,1
P,FTOTINC,1270,7
H,STDCNTY,1273,25
P,FTOTINC2,1277,7
P,QFTOTINC,1284,1
P,DIFFEYE,1285,1
P,DIFFHEAR,1286,1
P,DIVINYR,1287,1
P,HCOVANY,1288,1
P,HCOVPRIV,1289,1
P,HINSEMP,1290,1
P,HINSPUR,1291,1
P,HINSTRI,1292,1
P,HCOVPUB,1293,1
P,HINSCAID,1294,1
P,HINSCARE,1295,1
P,HINSVA,1296,1
P,HINSIHS,1297,1
P,VETDISAB,1298,1
H,STDMCD,1298,90
P,WIDINYR,1299,1
P,YRMARR,1300,4
P,QDIFEYE,1304,1
P,QDIFHEAR,1305,1
P,QDIVINYR,1306,1
P,QHCOVANY,1307,1
P,QHCOVPRI,1308,1
P,QHINSEMP,1309,1
P,QHINSPUR,1310,1
P,QHINSTRI,1311,1
P,QHCOVPUB,1312,1
P,QHINSCAI,1313,1
P,QHINSCAR,1314,1
P,QHINSVA,1315,1
P,QHINSIHS,1316,1
P,QVETDISB,1317,1
P,QWIDINYR,1318,1
P,QYRMARR,1319,1
P,YRNATUR,1320,4
P,GRADEATT,1324,2
P,EDUC,1326,3
P,INCTOT,1329,7
P,INCEARN,1336,7
P,TRANTIME,1343,3
P,YRIMMIG,1346,4
P,YRIMMIPR,1350,4
P,YRSPR2,1354,1
P,VETSTAT,1355,2
P,AGEORIG,1357,2
P,IND,1359,4
P,RECID,1363,21
P,HCOVANY2,1384,1
P,HCOVPRIV2,1385,1
P,HINSEMP2,1386,1
P,HINSPUR2,1387,1
H,STDCITY,1388,30
P,HINSTRI2,1388,1
P,DBPL,1389,10
P,HCOVPUB2,1389,1
P,HINSCAID2,1390,1
P,HINSCARE2,1391,1
P,HINSVA2,1392,1
P,HINSIHS2,1393,1
P,QHCOVANY2,1394,1
P,QHCOVPRI2,1395,1
P,QHINSEMP2,1396,1
P,QHINSPUR2,1397,1
P,QHINSTRI2,1398,1
P,QHCOVPUB2,1399,1
H,CITCDSTR,1399,4
P,DMBPL,1400,10
P,QHINSCAI2,1400,1
P,QHINSCAR2,1401,1
P,QHINSVA2,1402,1
P,QHINSIHS2,1403,1
P,DEGFIELD,1404,4
P,DEGFIELD2,1408,4
P,DYRSUSA,1410,10
P,QDEGFIELD,1412,1
P,QWRKLSTWK,1413,1
P,MOVEDINORIG,1414,1
P,QMOVEDINORIG,1415,1
P,CBSUBFAM,1416,1
P,CBSFTYPE,1417,1
P,CBSFRELATE,1418,1
H,STDWARD,1418,20
P,SLWT,1419,10
P,DFBPL,1420,10
P,PERWT,1429,10
H,ELECRENT,1438,1
P,BIRTHYR,1439,4
H,GASRENT,1439,1
H,WATRRENT,1440,1
H,FUELRENT,1441,1
H,NUMPREC60,1442,4
P,CBPOVERTY,1443,3
P,OCC,1446,4
H,QELECREN,1446,1
H,QGASRENT,1447,1
H,QWATRREN,1448,1
H,QFUELREN,1449,1
H,PUMA60,1450,4
P,QDIFCARE,1450,1
P,HIUFPGBASE,1451,5
H,PUMAMINI,1454,7
P,HIUFPGINC,1456,4
P,HIURULE,1460,1
H,GQIMP,1461,1
P,HIUID,1461,9
H,GQFUNDSIMP,1462,2
H,GQTYPEIMP,1464,3
H,NCOUPLESIMP,1467,1
H,NFAMSIMP,1468,2
H,NFATHERSIMP,1470,1
P,HIUNPERS,1470,2
H,NMOTHERSIMP,1471,1
H,QGQFUNDSIMP,1472,1
P,MTONGSTR,1472,40
H,QGQTYPEIMP,1473,1
H,MCDSTR,1474,49
P,FTOTINCORIG,1477,7
P,QINCEARN,1512,1
P,SOURCE60P,1513,1
P,UOCCSTR,1514,30
H,ENUMNAME,1523,41
P,UINDSTR,1544,30
H,INCSTR,1564,30
P,AGEORIG06,1564,2
P,MCIT5STR,1574,30
H,GQSTR,1594,100
P,MCNY5STR,1604,30
P,FHG,1634,1
P,QVETKORE,1635,1
P,QVETWWI,1636,1
P,HGAT,1637,2
P,QFHG,1639,1
P,QHGAT,1640,1
P,IMPMOMIMP,1641,2
P,IMPPOPIMP,1643,2
P,IMPRELIMP,1645,2
P,IMPSPIMP,1647,2
P,MOMLOCIMP,1649,2
P,STEPMOMIMP,1651,1
P,MOMRULEIMP,1652,1
P,POPLOCIMP,1653,2
P,STEPPOPIMP,1655,1
P,POPRULEIMP,1656,1
P,SPLOCIMP,1657,2
P,SPRULEIMP,1659,1
P,FAMSIZEIMP,1660,2
P,NCHILDIMP,1662,1
P,NCHLT5IMP,1663,1
P,FAMUNITIMP,1664,2
P,ELDCHIMP,1666,2
P,YNGCHIMP,1668,2
P,NSIBSIMP,1670,1
P,RELATEIMP,1671,4
P,MARRINYRIMP,1675,1
P,OCC1950IMP,1676,3
P,OCCSCOREIMP,1679,2
P,SEIIMP,1681,2
P,IND1950IMP,1683,3
P,QMARINYRIMP,1686,1
P,QOCCIMP,1687,1
P,POW60,1688,1
P,YOB,1689,4
P,NAMELAST,1693,16
H,PRCOUNTA,1694,15
H,DWELLING,1709,8
P,NAMEFRST,1709,16
H,RURALYN,1717,1
H,PRTWNSHP,1718,35
P,INDSTR,1725,44
P,SOURCE1960P,1733,1
H,MET2003,1753,4
H,CONSPUMA,1757,3
H,SERIAL80,1760,8
H,VACINPUT,1768,1
P,BPLSTR,1769,50
H,NUMHHTAK,1769,3
H,CITYMETD,1772,4
H,SELFWTHH,1776,1
H,CNTYGP97,1777,5
H,CNTYGP98,1782,3
H,MDSTATUS,1785,1
H,PSA,1786,3
H,PUMATYPE,1789,2
H,URBTYPE,1791,1
H,URBSIZE,1792,1
H,FARMSCHD,1793,1
H,MORTOTAL,1794,4
H,WARD,1798,3
H,INCPLACE,1801,4
H,LANDRENT,1805,1
H,ACRENONF,1806,1
H,VERIFY,1807,1
H,SAMPRULE,1808,1
H,RESPOND,1809,1
H,PROPTXIN,1810,4
H,REEL,1814,4
H,SUBS4050,1818,2
P,FBPLSTR,1819,50
H,FRAME,1820,4
H,NUMPERHH,1824,4
H,SLPERNUM,1828,2
H,LINE,1830,3
H,CONDO,1833,1
H,MOBLHOME,1834,5
H,MOBLHOM2,1839,5
H,EDSIMIL,1844,6
H,RCVMO,1850,2
H,RCVDAY,1852,2
H,ENUMDIST,1854,4
H,FBUSINC,1858,5
P,ESR,1862,1
H,SUPDIST,1863,3
P,QESR,1863,1
H,FWAGE1,1866,5
P,MBPLSTR,1869,50
H,FWAGE2,1871,5
H,SECHOME,1876,1
H,STREET,1877,32
H,MORTAMT2,1909,4
P,AF60,1911,1
H,FREEZER,1913,1
H,TRUCKS,1914,1
H,DISHWSHR,1915,1
H,UHF,1916,1
H,AUTOS,1917,1
H,QACRENF,1918,1
P,RELSTR,1919,50
H,QACREPR2,1919,1
H,QFWAGE1,1920,1
H,QACCESS,1921,1
H,QCLOSEOU,1922,1
H,QCOUNTY,1923,1
H,QFBUSINC,1924,1
H,QFOTHINC,1925,1
H,QAIRCON,1926,1
H,QDISHWSH,1927,1
H,QAUTOS,1928,1
H,QFWAGE2,1929,1
H,QBASEMEN,1930,1
H,QBATHRMS,1931,1
H,QCOSTEL2,1932,1
H,QCOSTWA2,1933,1
H,QMORTOTA,1934,1
H,QELEVATO,1935,1
H,QFUELCOO,1936,1
H,QRADIO,1937,1
H,QPROPTXI,1938,1
H,QSECHOME,1939,1
H,QTRUCKS,1940,1
H,QVACANC2,1941,1
H,QVACBOAR,1942,1
H,NPOP17,1943,2
H,RADIO30,1945,1
H,QGQFUNDS,1946,1
H,HOUSQUAL,1947,1
H,TOILET2,1948,1
H,SPLIT80,1949,1
H,CITYERR,1950,1
H,MET2013,1951,5
H,MET2013ERR,1956,1
H,SPLIT40,1957,1
H,SERIAL40,1958,8
H,NUMPREC40,1966,4
P,SICKSTR,1969,60
H,CIBRDBND,1970,1
H,CIDIAL,1971,1
H,CIDSL,1972,1
H,CIFIBER,1973,1
H,CIHAND,1974,1
H,CILAPTOP,1975,1
H,CIMODEM,1976,1
H,CINETHH,1977,1
H,CIOTHCOMP,1978,1
H,CIOTHSVC,1979,1
H,CISAT,1980,1
H,QCIBRDBND,1981,1
H,QCIDIAL,1982,1
H,QCIDSL,1983,1
H,QCIFIBER,1984,1
H,QCIHAND,1985,1
H,QCILAPTOP,1986,1
H,QCIMODEM,1987,1
H,QCINETHH,1988,1
H,QCIOTHCOMP,1989,1
H,QCIOTHSVC,1990,1
H,QCISAT,1991,1
H,QRWATPR,1992,1
H,RWATPR,1993,1
H,SSMC,1994,1
H,EDMISS,1995,1
H,COUNTYFIPS,1996,3
H,CPUMA0010,1999,4
H,SPLIT,2003,1
H,SPLITHID,2004,8
H,SPLITNUM,2012,4
P,MST5STR,2029,20
P,MIGRATE5,2049,2
P,MIGPLAC5,2051,3
P,MIGMET5,2054,4
P,MIGTYPE5,2058,1
P,MIGSEA5,2059,3
P,MIGSEA1,2062,3
P,OCC5YR,2065,3
P,MIGCOGRP,2068,3
P,MIGFARM5,2071,1
P,MIGFARM1,2072,1
P,AGEMARR,2073,2
P,MARMONTH,2075,2
P,MARRQTR,2077,1
P,CHSURV,2078,2
P,SELFWTSL,2080,1
P,VOTE,2081,1
P,MBPL,2082,5
P,FBPL,2087,5
P,SPAN95,2092,1
P,SCHLMNTH,2093,2
P,OCC1080,2095,3
P,OCC1920,2098,3
P,OCC0050,2101,4
P,IND1080,2105,3
P,UHRSWORK,2108,2
P,YRLASTWK,2110,2
P,MOUNEMP,2112,2
P,DURUNEMP,2114,3
P,UCLASSWK,2117,1
P,RCLASSWK,2118,1
P,UOCC,2119,3
P,ROCC,2122,3
P,UOCC95,2125,3
P,POVERTY,2128,3
P,INCBUSFM,2131,5
P,UIND,2136,3
P,RIND,2139,3
P,PERSPROP,2142,6
P,SAMEPLAC,2148,1
P,IND5YR,2149,3
P,SAMEMET5,2152,1
P,SAMESEA5,2153,1
P,CLASS5YR,2154,1
P,OCC5YR95,2155,3
P,MIGDIST5,2158,4
P,MIGDIST1,2162,4
P,PWSTATE1,2166,1
P,PWPUMA,2167,3
P,AGEMONTH,2170,2
P,BIRTHMO,2172,2
P,DISABDUR,2174,1
P,DISABTRN,2175,1
P,RESPONDT,2176,1
P,WIDOW,2177,1
P,MAIMED,2178,1
P,BLIND,2179,1
P,VETWWI,2180,1
P,DEAF,2181,1
P,VET1940,2182,1
P,IDIOTIC,2183,1
P,VETPER,2184,1
P,INSANE,2185,1
P,VETCHILD,2186,1
P,SICKNESS,2187,4
P,FSCHDNUM,2191,3
P,CRIME,2194,1
P,PAUPER,2195,1
P,SURSIM,2196,2
P,IMPMOM,2198,2
P,DEPARTS,2200,4
P,PFARMSCH,2204,1
P,SSENROLL,2205,1
P,QAUGMENT,2206,1
P,QAGEMARR,2207,1
P,QACTIVIT,2208,1
P,QAGE2,2209,1
P,QANCEST1,2210,1
P,QHADNAJO,2211,1
P,QMMTONG,2212,1
P,QDEDUCTS,2213,1
P,QCLASS5Y,2214,1
P,QBIRTHMO,2215,1
P,QFBPL2,2216,1
P,QDISABDU,2217,1
P,QSPANNAM,2218,1
P,QLIT,2219,1
P,QEARN,2220,1
P,QMARINYR,2221,1
P,QINC,2222,1
P,QINCBUSF,2223,1
P,QINCNONW,2224,1
P,QIND5YR,2225,1
P,QMIGDIS1,2226,1
P,QMIGDIS5,2227,1
P,QDISABTR,2228,1
P,QDISABWR,2229,1
P,QMIGCIT5,2230,1
P,QMIGSEA1,2231,1
P,QMIGSEA5,2232,1
P,QSAMSEA1,2233,1
P,QSAMSEA5,2234,1
P,QMBPL2,2235,1
P,QSSENROL,2236,1
P,QMIGFAR1,2237,1
P,QMIGFAR5,2238,1
P,QFMTONG,2239,1
P,QRCLASSW,2240,1
P,QSAMEPLA,2241,1
P,QMBPL,2242,1
P,QCOLL5YR,2243,1
P,QOCC5YR,2244,1
P,QMARRQTR,2245,1
P,QMIGMET1,2246,1
P,QMIGMET5,2247,1
P,QPW,2248,1
P,QSCHLVOC,2249,1
P,QROCC,2250,1
P,QUCLASSW,2251,1
P,QMIGCOGR,2252,1
P,QMIGPLC5,2253,1
P,QMIGRAT5,2254,1
P,QMIGTYP1,2255,1
P,QUIND,2256,1
P,QMILIT5Y,2257,1
P,QRIND,2258,1
P,QUOCC,2259,1
P,QRACE2,2260,1
P,QSPAN95,2261,1
P,QRELATE2,2262,1
P,QVETCHIL,2263,1
P,QSAMMET1,2264,1
P,QSCHLTYP,2265,1
P,QWORK5YR,2266,1
P,QVETOTHE,2267,1
P,QVETWWII,2268,1
P,VET1930,2269,1
P,HOMEMKR,2270,1
P,SPEAKHAW,2271,1
P,YRSHI,2272,2
P,YRIMMIHI,2274,3
P,YRAK,2277,3
P,MOAK,2280,2
P,HOMESTAT,2282,3
P,HOMECNTY,2285,4
P,HOMEMCD,2289,5
P,HOMECITY,2294,5
P,POVERTY2,2299,3
P,PERWTDET,2302,6
P,OCC1940,2308,3
P,IND1940,2311,3
P,LINEP,2314,3
P,VET75X90,2317,1
P,HISTID_DEL,2318,14
P,OCC2010,2332,4
P,ISCO08,2336,4
P,MIGCOUNTY,2340,4
P,ANYALLOCATION,2344,1
P,HISTID,2345,36
P,PID,2381,49
P,YCORD,2430,31
P,IMAGEID,2461,15
